NCLI,status,created_at
1.10000011,added,2021-06-27 14:46:27.280915
1.10000031,added,2021-06-27 14:46:27.280915
1.10000034,added,2021-06-27 14:46:27.280915
1.10000084,added,2021-06-27 14:46:27.280915
1.10000087,added,2021-06-27 14:46:27.280915
1.10000088,added,2021-06-27 14:46:27.280915
1.10000089,added,2021-06-27 14:46:27.280915
1.10000094,added,2021-06-27 14:46:27.280915
1.10000125,added,2021-06-27 14:46:27.280915
1.10000128,added,2021-06-27 14:46:27.280915
1.10000145,added,2021-06-27 14:46:27.280915
1.10000161,added,2021-06-27 14:46:27.280915
1.10000166,added,2021-06-27 14:46:27.280915
1.10000281,added,2021-06-27 14:46:27.280915
1.10000288,added,2021-06-27 14:46:27.280915
1.10000289,added,2021-06-27 14:46:27.280915
1.10000294,added,2021-06-27 14:46:27.280915
1.10000011,deleted,2021-06-27 14:46:48.807658
1.10000031,deleted,2021-06-27 14:46:48.807658
1.10000034,deleted,2021-06-27 14:46:48.807658
1.10000084,deleted,2021-06-27 14:46:48.807658
1.10000087,deleted,2021-06-27 14:46:48.807658
1.10000088,deleted,2021-06-27 14:46:48.807658
1.10000089,deleted,2021-06-27 14:46:48.807658
1.10000094,deleted,2021-06-27 14:46:48.807658
1.10000125,deleted,2021-06-27 14:46:48.807658
1.10000128,deleted,2021-06-27 14:46:48.807658
1.10000145,deleted,2021-06-27 14:46:48.807658
1.10000161,deleted,2021-06-27 14:46:48.807658
1.10000166,deleted,2021-06-27 14:46:48.807658
1.10000201,deleted,2021-06-27 14:46:48.807658
1.10000203,deleted,2021-06-27 14:46:48.807658
1.10000204,deleted,2021-06-27 14:46:48.807658
1.10000209,deleted,2021-06-27 14:46:48.807658
1.10000217,deleted,2021-06-27 14:46:48.807658
1.1000021999999998,deleted,2021-06-27 14:46:48.807658
1.10000245,deleted,2021-06-27 14:46:48.807658
1.10000258,deleted,2021-06-27 14:46:48.807658
1.10000264,deleted,2021-06-27 14:46:48.807658
1.10000266,deleted,2021-06-27 14:46:48.807658
1.10000272,deleted,2021-06-27 14:46:48.807658
1.10000281,deleted,2021-06-27 14:46:48.807658
1.10000288,deleted,2021-06-27 14:46:48.807658
1.10000289,deleted,2021-06-27 14:46:48.807658
1.10000294,deleted,2021-06-27 14:46:48.807658
1.10000201,added,2021-06-27 14:46:27.280915
1.10000203,added,2021-06-27 14:46:27.280915
1.10000204,added,2021-06-27 14:46:27.280915
1.10000209,added,2021-06-27 14:46:27.280915
1.10000217,added,2021-06-27 14:46:27.280915
1.1000021999999998,added,2021-06-27 14:46:27.280915
1.10000245,added,2021-06-27 14:46:27.280915
1.10000258,added,2021-06-27 14:46:27.280915
1.10000264,added,2021-06-27 14:46:27.280915
1.10000266,added,2021-06-27 14:46:27.280915
1.10000272,added,2021-06-27 14:46:27.280915
